﻿<?xml version="1.0" encoding="utf-8"?><toc><breadcrumbs><li><a href="d75eb659-6335-53f6-af7a-81814a21ab7f.htm">Docs</a></li><li><a href="d75eb659-6335-53f6-af7a-81814a21ab7f.htm">Media<wbr />Tek<wbr />86</a></li><li><a href="08100d5b-2599-e33b-f95f-a98713a410d6.htm">mediatek<wbr />86.<wbr />dal</a></li><li><a href="7c381d6b-dec2-150a-d91f-3e9df434d87a.htm">Access</a></li></breadcrumbs><tocItems><li><a id="5f7c7a2d-404e-6a95-257b-1e06a4f0ff20" href="5f7c7a2d-404e-6a95-257b-1e06a4f0ff20.htm">Constructor</a></li><li><a id="ecc6844a-2499-abaf-1e21-43d0de5d09d4" href="ecc6844a-2499-abaf-1e21-43d0de5d09d4.htm">Constructor</a></li><li><a id="4fe2b95c-fb25-3222-63ef-3dae83c3bc54" class="has-submenu" href="4fe2b95c-fb25-3222-63ef-3dae83c3bc54.htm"><span data-tocFile="../toc/IDCACA.xml" class="icon toggle" onclick="ToggleExpandCollapse(this); return false;"><i class="fa fa-angle-right"> </i></span>Properties</a><ul class="toc-menu is-hidden"> </ul></li><li><a id="a1d1ca7d-443e-ef7c-b3d1-61753d7d0b83" class="has-submenu" href="a1d1ca7d-443e-ef7c-b3d1-61753d7d0b83.htm"><span data-tocFile="../toc/IDDACA.xml" class="icon toggle" onclick="ToggleExpandCollapse(this); return false;"><i class="fa fa-angle-right"> </i></span>Methods</a><ul class="toc-menu is-hidden"> </ul></li><li><a id="5a2b648f-3e8d-553b-fa0e-86f2033b4926" class="has-submenu" href="5a2b648f-3e8d-553b-fa0e-86f2033b4926.htm"><span data-tocFile="../toc/IDEACA.xml" class="icon toggle" onclick="ToggleExpandCollapse(this); return false;"><i class="fa fa-angle-right"> </i></span>Fields</a><ul class="toc-menu is-hidden"> </ul></li></tocItems></toc>