﻿<?xml version="1.0" encoding="utf-8"?><toc><breadcrumbs><li><a href="d75eb659-6335-53f6-af7a-81814a21ab7f.htm">Docs</a></li><li><a href="d75eb659-6335-53f6-af7a-81814a21ab7f.htm">Media<wbr />Tek<wbr />86</a></li><li><a href="44211f51-81da-d97a-ff1d-044961f6ceef.htm">mediatek<wbr />86.<wbr />modele</a></li><li><a href="d6e936c1-fcdf-f3df-0de7-db333781e620.htm">Absence</a></li><li><a href="905edc12-c1c1-6443-4a2d-446842869baa.htm">Properties</a></li></breadcrumbs><tocItems><li><a id="5fd40d36-3710-46ab-d8b1-056059379cf7" href="5fd40d36-3710-46ab-d8b1-056059379cf7.htm">Date<wbr />Debut</a></li><li><a id="985a10d4-997b-9868-4687-72a3f9e23883" href="985a10d4-997b-9868-4687-72a3f9e23883.htm">Date<wbr />Fin</a></li><li><a id="0e6fe6d8-ae08-99b5-dd39-5a5f462abc9b" href="0e6fe6d8-ae08-99b5-dd39-5a5f462abc9b.htm">Id<wbr />Motif</a></li><li><a id="63ea463a-4649-04d7-2416-c101e9eca293" href="63ea463a-4649-04d7-2416-c101e9eca293.htm">Id<wbr />Personnel</a></li></tocItems></toc>