﻿<?xml version="1.0" encoding="utf-8"?><toc><breadcrumbs><li><a href="d75eb659-6335-53f6-af7a-81814a21ab7f.htm">Docs</a></li><li><a href="d75eb659-6335-53f6-af7a-81814a21ab7f.htm">Media<wbr />Tek<wbr />86</a></li><li><a href="4ef7e531-4b9b-cf6b-2dff-56cf830489db.htm">mediatek<wbr />86.<wbr />bddmanager</a></li></breadcrumbs><tocItems><li><a id="205e2c0b-eece-8c97-4f00-d11e4edb6b9c" class="has-submenu" href="205e2c0b-eece-8c97-4f00-d11e4edb6b9c.htm"><span data-tocFile="../toc/IDABA.xml" class="icon toggle" onclick="ToggleExpandCollapse(this); return false;"><i class="fa fa-angle-right"> </i></span>Bdd<wbr />Manager</a><ul class="toc-menu is-hidden"> </ul></li></tocItems></toc>