﻿<?xml version="1.0" encoding="utf-8"?><toc><breadcrumbs><li><a href="d75eb659-6335-53f6-af7a-81814a21ab7f.htm">Docs</a></li><li><a href="d75eb659-6335-53f6-af7a-81814a21ab7f.htm">Media<wbr />Tek<wbr />86</a></li><li><a href="44211f51-81da-d97a-ff1d-044961f6ceef.htm">mediatek<wbr />86.<wbr />modele</a></li><li><a href="c1a17b2e-0ac2-f613-2d7c-e5a99bf534f8.htm">Responsable</a></li><li><a href="0eebbc88-fbee-9796-cf57-58e9f30eef7c.htm">Properties</a></li></breadcrumbs><tocItems><li><a id="acbd368c-5fb2-bea9-f566-49c894670c77" href="acbd368c-5fb2-bea9-f566-49c894670c77.htm">Login</a></li><li><a id="1cfb906b-b2ad-a8fd-6c65-e2d233e57032" href="1cfb906b-b2ad-a8fd-6c65-e2d233e57032.htm">Pwd</a></li></tocItems></toc>