﻿<?xml version="1.0" encoding="utf-8"?><toc><breadcrumbs><li><a href="d75eb659-6335-53f6-af7a-81814a21ab7f.htm">Docs</a></li><li><a href="d75eb659-6335-53f6-af7a-81814a21ab7f.htm">Media<wbr />Tek<wbr />86</a></li><li><a href="44211f51-81da-d97a-ff1d-044961f6ceef.htm">mediatek<wbr />86.<wbr />modele</a></li><li><a href="0e926f6c-c098-0e30-364e-7b153ed26ad8.htm">Service</a></li><li><a href="17701bc4-ee8e-3cb6-38f0-1da7d6193188.htm">Properties</a></li></breadcrumbs><tocItems><li><a id="4ba8417e-d3c3-705f-d100-c47a097d6f47" href="4ba8417e-d3c3-705f-d100-c47a097d6f47.htm">Id<wbr />Service</a></li><li><a id="f931f660-0707-fa2a-e654-166ebe938220" href="f931f660-0707-fa2a-e654-166ebe938220.htm">Nom</a></li></tocItems></toc>