﻿<?xml version="1.0" encoding="utf-8"?><toc><breadcrumbs><li><a href="d75eb659-6335-53f6-af7a-81814a21ab7f.htm">Docs</a></li><li><a href="d75eb659-6335-53f6-af7a-81814a21ab7f.htm">Media<wbr />Tek<wbr />86</a></li><li><a href="08100d5b-2599-e33b-f95f-a98713a410d6.htm">mediatek<wbr />86.<wbr />dal</a></li></breadcrumbs><tocItems><li><a id="7c381d6b-dec2-150a-d91f-3e9df434d87a" class="has-submenu" href="7c381d6b-dec2-150a-d91f-3e9df434d87a.htm"><span data-tocFile="../toc/IDACA.xml" class="icon toggle" onclick="ToggleExpandCollapse(this); return false;"><i class="fa fa-angle-right"> </i></span>Access</a><ul class="toc-menu is-hidden"> </ul></li></tocItems></toc>