﻿<?xml version="1.0" encoding="utf-8"?><toc><breadcrumbs><li><a href="d75eb659-6335-53f6-af7a-81814a21ab7f.htm">Docs</a></li><li><a href="d75eb659-6335-53f6-af7a-81814a21ab7f.htm">Media<wbr />Tek<wbr />86</a></li><li><a href="00b62050-2829-3fc3-defd-69417493f299.htm">mediatek<wbr />86.<wbr />view</a></li><li><a href="ac5b25e4-616d-3132-f459-887308ae91e6.htm">Frm<wbr />Absence</a></li><li><a href="238fdacf-334e-eda4-bed6-1758daa91f1f.htm">Methods</a></li></breadcrumbs><tocItems><li><a id="1854ebbe-77d7-8c9b-42d6-931d7abfd0b5" class="has-submenu" href="1854ebbe-77d7-8c9b-42d6-931d7abfd0b5.htm"><span data-tocFile="../toc/IDACAEA.xml" class="icon toggle" onclick="ToggleExpandCollapse(this); return false;"><i class="fa fa-angle-right"> </i></span>Dispose</a><ul class="toc-menu is-hidden"> </ul></li><li><a id="adca0cd8-31f4-75d6-e299-f6a45d75f333" href="adca0cd8-31f4-75d6-e299-f6a45d75f333.htm">Initialize<wbr />Component</a></li></tocItems></toc>