﻿<?xml version="1.0" encoding="utf-8"?><toc><breadcrumbs><li><a href="d75eb659-6335-53f6-af7a-81814a21ab7f.htm">Docs</a></li><li><a href="d75eb659-6335-53f6-af7a-81814a21ab7f.htm">Media<wbr />Tek<wbr />86</a></li><li><a href="00b62050-2829-3fc3-defd-69417493f299.htm">mediatek<wbr />86.<wbr />view</a></li><li><a href="d044339b-f61e-6f57-e6d4-25bc4a416b89.htm">Frm<wbr />Mediatek</a></li><li><a href="622c5f8a-d2b3-eccf-d1a7-6c33e785e75b.htm">Methods</a></li></breadcrumbs><tocItems><li><a id="e3a50752-2e32-6b83-50e3-227dcef73b9d" class="has-submenu" href="e3a50752-2e32-6b83-50e3-227dcef73b9d.htm"><span data-tocFile="../toc/IDACCEA.xml" class="icon toggle" onclick="ToggleExpandCollapse(this); return false;"><i class="fa fa-angle-right"> </i></span>Dispose</a><ul class="toc-menu is-hidden"> </ul></li><li><a id="3852688a-b0fc-9936-34f1-0085b01fdb03" href="3852688a-b0fc-9936-34f1-0085b01fdb03.htm">Initialize<wbr />Component</a></li></tocItems></toc>