﻿<?xml version="1.0" encoding="utf-8"?><toc><breadcrumbs><li><a href="d75eb659-6335-53f6-af7a-81814a21ab7f.htm">Docs</a></li><li><a href="d75eb659-6335-53f6-af7a-81814a21ab7f.htm">Media<wbr />Tek<wbr />86</a></li><li><a href="44211f51-81da-d97a-ff1d-044961f6ceef.htm">mediatek<wbr />86.<wbr />modele</a></li><li><a href="c1a17b2e-0ac2-f613-2d7c-e5a99bf534f8.htm">Responsable</a></li></breadcrumbs><tocItems><li><a id="b8c01780-5ec0-5a1f-4b0f-96b2a3ca145f" href="b8c01780-5ec0-5a1f-4b0f-96b2a3ca145f.htm">Constructor</a></li><li><a id="0eebbc88-fbee-9796-cf57-58e9f30eef7c" class="has-submenu" href="0eebbc88-fbee-9796-cf57-58e9f30eef7c.htm"><span data-tocFile="../toc/IDBDDA.xml" class="icon toggle" onclick="ToggleExpandCollapse(this); return false;"><i class="fa fa-angle-right"> </i></span>Properties</a><ul class="toc-menu is-hidden"> </ul></li><li><a id="5c848cb6-8ae8-83ee-6124-c70945034a10" href="5c848cb6-8ae8-83ee-6124-c70945034a10.htm">Methods</a></li></tocItems></toc>