﻿<?xml version="1.0" encoding="utf-8"?><toc><breadcrumbs><li><a href="d75eb659-6335-53f6-af7a-81814a21ab7f.htm">Docs</a></li><li><a href="d75eb659-6335-53f6-af7a-81814a21ab7f.htm">Media<wbr />Tek<wbr />86</a></li><li><a href="00b62050-2829-3fc3-defd-69417493f299.htm">mediatek<wbr />86.<wbr />view</a></li></breadcrumbs><tocItems><li><a id="ac5b25e4-616d-3132-f459-887308ae91e6" class="has-submenu" href="ac5b25e4-616d-3132-f459-887308ae91e6.htm"><span data-tocFile="../toc/IDAEA.xml" class="icon toggle" onclick="ToggleExpandCollapse(this); return false;"><i class="fa fa-angle-right"> </i></span>Frm<wbr />Absence</a><ul class="toc-menu is-hidden"> </ul></li><li><a id="d40fb50c-f1d1-f688-02c5-a108d2c2c4e6" class="has-submenu" href="d40fb50c-f1d1-f688-02c5-a108d2c2c4e6.htm"><span data-tocFile="../toc/IDBEA.xml" class="icon toggle" onclick="ToggleExpandCollapse(this); return false;"><i class="fa fa-angle-right"> </i></span>Frm<wbr />Authentification</a><ul class="toc-menu is-hidden"> </ul></li><li><a id="d044339b-f61e-6f57-e6d4-25bc4a416b89" class="has-submenu" href="d044339b-f61e-6f57-e6d4-25bc4a416b89.htm"><span data-tocFile="../toc/IDCEA.xml" class="icon toggle" onclick="ToggleExpandCollapse(this); return false;"><i class="fa fa-angle-right"> </i></span>Frm<wbr />Mediatek</a><ul class="toc-menu is-hidden"> </ul></li></tocItems></toc>