﻿<?xml version="1.0" encoding="utf-8"?><toc><breadcrumbs><li><a href="d75eb659-6335-53f6-af7a-81814a21ab7f.htm">Docs</a></li><li><a href="d75eb659-6335-53f6-af7a-81814a21ab7f.htm">Media<wbr />Tek<wbr />86</a></li><li><a href="00b62050-2829-3fc3-defd-69417493f299.htm">mediatek<wbr />86.<wbr />view</a></li><li><a href="ac5b25e4-616d-3132-f459-887308ae91e6.htm">Frm<wbr />Absence</a></li><li><a href="f92abb68-294e-731b-836f-ab6476248e4b.htm">Fields</a></li></breadcrumbs><tocItems><li><a id="400e17da-98e1-621e-38f6-64c8bf016908" href="400e17da-98e1-621e-38f6-64c8bf016908.htm">button<wbr />Annuler</a></li><li><a id="1bcc5310-4301-6ec6-1e8d-db03d47917bd" href="1bcc5310-4301-6ec6-1e8d-db03d47917bd.htm">button<wbr />Enregistrer</a></li><li><a id="7e212472-ccde-a84b-4e69-fdc23ff17b34" href="7e212472-ccde-a84b-4e69-fdc23ff17b34.htm">button<wbr />Modifier<wbr />Absences</a></li><li><a id="7d251a25-c7b8-00be-7618-9a039731ac12" href="7d251a25-c7b8-00be-7618-9a039731ac12.htm">button<wbr />Supprimer<wbr />Absences</a></li><li><a id="893a5eb3-83e8-0015-1863-46bec6de5f20" href="893a5eb3-83e8-0015-1863-46bec6de5f20.htm">combo<wbr />Box<wbr />Motif</a></li><li><a id="0c85e69c-788d-8623-b3eb-2be7d0fcf181" href="0c85e69c-788d-8623-b3eb-2be7d0fcf181.htm">components</a></li><li><a id="44a8a8ca-adad-840d-9958-a4dc0c1d0396" href="44a8a8ca-adad-840d-9958-a4dc0c1d0396.htm">data<wbr />Grid<wbr />View<wbr />1</a></li><li><a id="7dc55b54-2a2a-5945-3cdd-c6420eff4a83" href="7dc55b54-2a2a-5945-3cdd-c6420eff4a83.htm">date<wbr />Time<wbr />Fin</a></li><li><a id="fafeba25-b9d6-6668-356c-ee1dd1bb9184" href="fafeba25-b9d6-6668-356c-ee1dd1bb9184.htm">date<wbr />Time<wbr />Picker<wbr />1</a></li><li><a id="98cc7126-ad54-e9fc-993d-96fc2e3e7085" href="98cc7126-ad54-e9fc-993d-96fc2e3e7085.htm">group<wbr />Box<wbr />Absences</a></li><li><a id="57481b4e-bdf6-f30d-416e-75921107dcef" href="57481b4e-bdf6-f30d-416e-75921107dcef.htm">group<wbr />Box<wbr />Ajouter</a></li><li><a id="f8da5897-8a2a-f214-19ab-7d5743af711c" href="f8da5897-8a2a-f214-19ab-7d5743af711c.htm">label<wbr />Datedebut</a></li><li><a id="cad1bd8f-07f1-99ec-438c-88afadb9a846" href="cad1bd8f-07f1-99ec-438c-88afadb9a846.htm">label<wbr />Motif<wbr />Absences</a></li><li><a id="af3576bf-0299-f2d4-6489-b2b40bb9048d" href="af3576bf-0299-f2d4-6489-b2b40bb9048d.htm">label<wbr />Tel</a></li></tocItems></toc>