﻿<?xml version="1.0" encoding="utf-8"?><toc><breadcrumbs><li><a href="d75eb659-6335-53f6-af7a-81814a21ab7f.htm">Docs</a></li><li><a href="d75eb659-6335-53f6-af7a-81814a21ab7f.htm">Media<wbr />Tek<wbr />86</a></li><li><a href="00b62050-2829-3fc3-defd-69417493f299.htm">mediatek<wbr />86.<wbr />view</a></li><li><a href="d044339b-f61e-6f57-e6d4-25bc4a416b89.htm">Frm<wbr />Mediatek</a></li><li><a href="41e0f7eb-e82a-2481-5963-ac9f4fa12400.htm">Fields</a></li></breadcrumbs><tocItems><li><a id="7d694719-0a3d-c33d-b1ed-a32a77a851f4" href="7d694719-0a3d-c33d-b1ed-a32a77a851f4.htm">button<wbr />Absences</a></li><li><a id="f512a017-683b-3ba7-777f-67e43e56dab1" href="f512a017-683b-3ba7-777f-67e43e56dab1.htm">button<wbr />Annuler</a></li><li><a id="8ec4640e-d7c1-1e5e-137f-5bb48bfe0f90" href="8ec4640e-d7c1-1e5e-137f-5bb48bfe0f90.htm">button<wbr />Enregistrer</a></li><li><a id="76e3bd6e-b493-95bd-425d-5d5274516b50" href="76e3bd6e-b493-95bd-425d-5d5274516b50.htm">button<wbr />Modifier</a></li><li><a id="dc573f8c-fa1a-6d2f-bdc3-e639e4747e7d" href="dc573f8c-fa1a-6d2f-bdc3-e639e4747e7d.htm">button<wbr />Supprimer</a></li><li><a id="b3831630-c181-fd3f-2e35-ea8be46cf0fa" href="b3831630-c181-fd3f-2e35-ea8be46cf0fa.htm">combo<wbr />Box<wbr />Service</a></li><li><a id="9f7e7f3b-49d0-23a2-11de-07b3de3d0ec8" href="9f7e7f3b-49d0-23a2-11de-07b3de3d0ec8.htm">components</a></li><li><a id="2048b534-f5e2-fa24-90a2-21c585927699" href="2048b534-f5e2-fa24-90a2-21c585927699.htm">data<wbr />Grid<wbr />View<wbr />1</a></li><li><a id="14270e55-c061-d5dc-5eed-16171b439aab" href="14270e55-c061-d5dc-5eed-16171b439aab.htm">group<wbr />Box<wbr />Ajouter</a></li><li><a id="f01e0352-8d4b-7dfc-b8c4-d60b4b9ef1a2" href="f01e0352-8d4b-7dfc-b8c4-d60b4b9ef1a2.htm">group<wbr />Box<wbr />Personnel</a></li><li><a id="40fad93d-d35e-66fb-6d32-d96501a289b4" href="40fad93d-d35e-66fb-6d32-d96501a289b4.htm">label<wbr />Mail</a></li><li><a id="33eeb97d-9792-1701-cb4d-008797f6fed7" href="33eeb97d-9792-1701-cb4d-008797f6fed7.htm">label<wbr />Nom</a></li><li><a id="35ee0882-873a-7e8c-ef6c-96bddbd35c1f" href="35ee0882-873a-7e8c-ef6c-96bddbd35c1f.htm">label<wbr />Prenom</a></li><li><a id="3d79a116-2b71-fcca-5f89-3649195dbfb3" href="3d79a116-2b71-fcca-5f89-3649195dbfb3.htm">label<wbr />Service</a></li><li><a id="941d1886-f061-9779-5f4f-67af311de266" href="941d1886-f061-9779-5f4f-67af311de266.htm">label<wbr />Tel</a></li><li><a id="3525b1ae-b270-9c39-3196-e35813f9709d" href="3525b1ae-b270-9c39-3196-e35813f9709d.htm">text<wbr />Mail</a></li><li><a id="3d78eb31-107a-b398-b8fd-b1a64a4b47f4" href="3d78eb31-107a-b398-b8fd-b1a64a4b47f4.htm">text<wbr />Nom</a></li><li><a id="6a9e572b-a5d7-88c9-b093-2b80a28440ea" href="6a9e572b-a5d7-88c9-b093-2b80a28440ea.htm">text<wbr />Prenom</a></li><li><a id="0f921515-dd22-5ff2-6e0f-9d5ab7b958b4" href="0f921515-dd22-5ff2-6e0f-9d5ab7b958b4.htm">text<wbr />Tel</a></li></tocItems></toc>