﻿<?xml version="1.0" encoding="utf-8"?><toc><breadcrumbs><li><a href="d75eb659-6335-53f6-af7a-81814a21ab7f.htm">Docs</a></li><li><a href="d75eb659-6335-53f6-af7a-81814a21ab7f.htm">Media<wbr />Tek<wbr />86</a></li><li><a href="44211f51-81da-d97a-ff1d-044961f6ceef.htm">mediatek<wbr />86.<wbr />modele</a></li><li><a href="d6e936c1-fcdf-f3df-0de7-db333781e620.htm">Absence</a></li><li><a href="6b6cb125-4a3f-8197-5fcd-fbab4be0ff7a.htm">Constructors</a></li></breadcrumbs><tocItems><li><a id="9b0874d0-f08a-41d1-0844-f41813dcb45e" href="9b0874d0-f08a-41d1-0844-f41813dcb45e.htm">Absence(<wbr />Int<wbr />32, Date<wbr />Time, Date<wbr />Time, Motif)</a></li><li><a id="991cbab3-4553-bd51-4d1c-d630ae005f75" href="991cbab3-4553-bd51-4d1c-d630ae005f75.htm">Absence(<wbr />Int<wbr />32, Date<wbr />Time, Date<wbr />Time, Int<wbr />32)</a></li></tocItems></toc>