﻿<?xml version="1.0" encoding="utf-8"?><toc><breadcrumbs><li><a href="d75eb659-6335-53f6-af7a-81814a21ab7f.htm">Docs</a></li><li><a href="d75eb659-6335-53f6-af7a-81814a21ab7f.htm">Media<wbr />Tek<wbr />86</a></li><li><a href="da7c9213-a3aa-3573-d177-bd317e01593a.htm">mediatek<wbr />86.<wbr />controller</a></li><li><a href="2db33293-50a4-728d-2b9b-d929119b535c.htm">Frm<wbr />Absence<wbr />Controller</a></li></breadcrumbs><tocItems><li><a id="5bbe52ec-38c6-0c8b-1bce-d427e99bdde9" href="5bbe52ec-38c6-0c8b-1bce-d427e99bdde9.htm">Constructor</a></li><li><a id="255ef471-5b77-cdc1-c64f-b66f7a31a4cc" class="has-submenu" href="255ef471-5b77-cdc1-c64f-b66f7a31a4cc.htm"><span data-tocFile="../toc/IDBACA.xml" class="icon toggle" onclick="ToggleExpandCollapse(this); return false;"><i class="fa fa-angle-right"> </i></span>Methods</a><ul class="toc-menu is-hidden"> </ul></li><li><a id="59bdfb4c-faa7-16b5-7c58-c3260eff139b" class="has-submenu" href="59bdfb4c-faa7-16b5-7c58-c3260eff139b.htm"><span data-tocFile="../toc/IDCACA.xml" class="icon toggle" onclick="ToggleExpandCollapse(this); return false;"><i class="fa fa-angle-right"> </i></span>Fields</a><ul class="toc-menu is-hidden"> </ul></li></tocItems></toc>