﻿<?xml version="1.0" encoding="utf-8"?><toc><breadcrumbs><li><a href="d75eb659-6335-53f6-af7a-81814a21ab7f.htm">Docs</a></li><li><a href="d75eb659-6335-53f6-af7a-81814a21ab7f.htm">Media<wbr />Tek<wbr />86</a></li><li><a href="08100d5b-2599-e33b-f95f-a98713a410d6.htm">mediatek<wbr />86.<wbr />dal</a></li><li><a href="f6e34000-9d6a-51db-c7b3-0f53f34217e2.htm">Absence<wbr />Access</a></li></breadcrumbs><tocItems><li><a id="b00171f6-9e80-379e-2212-be2e25513943" href="b00171f6-9e80-379e-2212-be2e25513943.htm">Constructor</a></li><li><a id="71eb5422-9a99-7a8d-8198-427c1772a2b1" class="has-submenu" href="71eb5422-9a99-7a8d-8198-427c1772a2b1.htm"><span data-tocFile="../toc/IDBADA.xml" class="icon toggle" onclick="ToggleExpandCollapse(this); return false;"><i class="fa fa-angle-right"> </i></span>Methods</a><ul class="toc-menu is-hidden"> </ul></li><li><a id="78706634-0ba7-63de-2830-d5c847594696" class="has-submenu" href="78706634-0ba7-63de-2830-d5c847594696.htm"><span data-tocFile="../toc/IDCADA.xml" class="icon toggle" onclick="ToggleExpandCollapse(this); return false;"><i class="fa fa-angle-right"> </i></span>Fields</a><ul class="toc-menu is-hidden"> </ul></li></tocItems></toc>