﻿<?xml version="1.0" encoding="utf-8"?><toc><breadcrumbs><li><a href="d75eb659-6335-53f6-af7a-81814a21ab7f.htm">Docs</a></li><li><a href="d75eb659-6335-53f6-af7a-81814a21ab7f.htm">Media<wbr />Tek<wbr />86</a></li><li><a href="44211f51-81da-d97a-ff1d-044961f6ceef.htm">mediatek<wbr />86.<wbr />modele</a></li><li><a href="d6e936c1-fcdf-f3df-0de7-db333781e620.htm">Absence</a></li></breadcrumbs><tocItems><li><a id="6b6cb125-4a3f-8197-5fcd-fbab4be0ff7a" class="has-submenu" href="6b6cb125-4a3f-8197-5fcd-fbab4be0ff7a.htm"><span data-tocFile="../toc/IDAAEA.xml" class="icon toggle" onclick="ToggleExpandCollapse(this); return false;"><i class="fa fa-angle-right"> </i></span>Constructors</a><ul class="toc-menu is-hidden"> </ul></li><li><a id="905edc12-c1c1-6443-4a2d-446842869baa" class="has-submenu" href="905edc12-c1c1-6443-4a2d-446842869baa.htm"><span data-tocFile="../toc/IDBAEA.xml" class="icon toggle" onclick="ToggleExpandCollapse(this); return false;"><i class="fa fa-angle-right"> </i></span>Properties</a><ul class="toc-menu is-hidden"> </ul></li><li><a id="257f4440-b03e-e4e0-4589-2646df478a12" href="257f4440-b03e-e4e0-4589-2646df478a12.htm">Methods</a></li></tocItems></toc>