﻿<?xml version="1.0" encoding="utf-8"?><toc><breadcrumbs><li><a href="d75eb659-6335-53f6-af7a-81814a21ab7f.htm">Docs</a></li><li><a href="d75eb659-6335-53f6-af7a-81814a21ab7f.htm">Media<wbr />Tek<wbr />86</a></li><li><a href="00b62050-2829-3fc3-defd-69417493f299.htm">mediatek<wbr />86.<wbr />view</a></li><li><a href="ac5b25e4-616d-3132-f459-887308ae91e6.htm">Frm<wbr />Absence</a></li></breadcrumbs><tocItems><li><a id="4fd74d83-bc53-a173-a53b-81e82d9eff21" href="4fd74d83-bc53-a173-a53b-81e82d9eff21.htm">Constructor</a></li><li><a id="62850467-a83c-d98d-c519-3ddd41ca0272" href="62850467-a83c-d98d-c519-3ddd41ca0272.htm">Properties</a></li><li><a id="238fdacf-334e-eda4-bed6-1758daa91f1f" class="has-submenu" href="238fdacf-334e-eda4-bed6-1758daa91f1f.htm"><span data-tocFile="../toc/IDCAFA.xml" class="icon toggle" onclick="ToggleExpandCollapse(this); return false;"><i class="fa fa-angle-right"> </i></span>Methods</a><ul class="toc-menu is-hidden"> </ul></li><li><a id="affab3e0-12b3-6785-78c6-bd035e55b192" href="affab3e0-12b3-6785-78c6-bd035e55b192.htm">Events</a></li><li><a id="f92abb68-294e-731b-836f-ab6476248e4b" class="has-submenu" href="f92abb68-294e-731b-836f-ab6476248e4b.htm"><span data-tocFile="../toc/IDEAFA.xml" class="icon toggle" onclick="ToggleExpandCollapse(this); return false;"><i class="fa fa-angle-right"> </i></span>Fields</a><ul class="toc-menu is-hidden"> </ul></li></tocItems></toc>