﻿<?xml version="1.0" encoding="utf-8"?><toc><breadcrumbs><li><a href="d75eb659-6335-53f6-af7a-81814a21ab7f.htm">Docs</a></li><li><a href="d75eb659-6335-53f6-af7a-81814a21ab7f.htm">Media<wbr />Tek<wbr />86</a></li><li><a href="4ef7e531-4b9b-cf6b-2dff-56cf830489db.htm">mediatek<wbr />86.<wbr />bddmanager</a></li><li><a href="205e2c0b-eece-8c97-4f00-d11e4edb6b9c.htm">Bdd<wbr />Manager</a></li><li><a href="44c70811-e8ac-2eec-54d0-3507177e38b6.htm">Methods</a></li></breadcrumbs><tocItems><li><a id="81a54633-8762-2899-646a-a954f1272c6c" href="81a54633-8762-2899-646a-a954f1272c6c.htm">Get<wbr />Instance</a></li><li><a id="7afc872e-58e1-3b02-1764-4e18a4f0b6f4" href="7afc872e-58e1-3b02-1764-4e18a4f0b6f4.htm">Req<wbr />Controle</a></li><li><a id="aec844bf-890f-eb73-7e1b-51b629a3ad92" href="aec844bf-890f-eb73-7e1b-51b629a3ad92.htm">Req<wbr />Select</a></li><li><a id="6739882d-78c4-d3d3-8f02-7a847a09d420" href="6739882d-78c4-d3d3-8f02-7a847a09d420.htm">Req<wbr />Update</a></li></tocItems></toc>