﻿<?xml version="1.0" encoding="utf-8"?><toc><breadcrumbs><li><a href="d75eb659-6335-53f6-af7a-81814a21ab7f.htm">Docs</a></li><li><a href="d75eb659-6335-53f6-af7a-81814a21ab7f.htm">Media<wbr />Tek<wbr />86</a></li><li><a href="08100d5b-2599-e33b-f95f-a98713a410d6.htm">mediatek<wbr />86.<wbr />dal</a></li><li><a href="f6e34000-9d6a-51db-c7b3-0f53f34217e2.htm">Absence<wbr />Access</a></li><li><a href="71eb5422-9a99-7a8d-8198-427c1772a2b1.htm">Methods</a></li></breadcrumbs><tocItems><li><a id="9674c4d7-b828-4f57-2de0-c36c738e56c0" href="9674c4d7-b828-4f57-2de0-c36c738e56c0.htm">Add<wbr />Absence</a></li><li><a id="5ed6e48c-7ab5-e6a9-2fe4-028fe2ab41ce" href="5ed6e48c-7ab5-e6a9-2fe4-028fe2ab41ce.htm">Del<wbr />Absence</a></li><li><a id="e2d0b3b9-e7a4-2de2-65e3-7c71e76b9dab" href="e2d0b3b9-e7a4-2de2-65e3-7c71e76b9dab.htm">Get<wbr />Absences<wbr />By<wbr />Personnel</a></li><li><a id="f970813e-14f3-b845-b932-aadea545671a" href="f970813e-14f3-b845-b932-aadea545671a.htm">Get<wbr />Les<wbr />Motifs</a></li><li><a id="593e38c8-bf86-bfd4-bc44-d6357b21a7a8" href="593e38c8-bf86-bfd4-bc44-d6357b21a7a8.htm">Update<wbr />Absence</a></li></tocItems></toc>