﻿<?xml version="1.0" encoding="utf-8"?><toc><breadcrumbs><li><a href="d75eb659-6335-53f6-af7a-81814a21ab7f.htm">Docs</a></li><li><a href="d75eb659-6335-53f6-af7a-81814a21ab7f.htm">Media<wbr />Tek<wbr />86</a></li><li><a href="da7c9213-a3aa-3573-d177-bd317e01593a.htm">mediatek<wbr />86.<wbr />controller</a></li><li><a href="2db33293-50a4-728d-2b9b-d929119b535c.htm">Frm<wbr />Absence<wbr />Controller</a></li><li><a href="255ef471-5b77-cdc1-c64f-b66f7a31a4cc.htm">Methods</a></li></breadcrumbs><tocItems><li><a id="6fa49d3b-9d7a-1122-b26f-676dc75e5c2d" href="6fa49d3b-9d7a-1122-b26f-676dc75e5c2d.htm">Add<wbr />Absence</a></li><li><a id="fa023b8c-a108-9c22-2b33-80cbfb2cab2a" href="fa023b8c-a108-9c22-2b33-80cbfb2cab2a.htm">Del<wbr />Absence</a></li><li><a id="513ee8e6-3a42-f4b8-ad1c-3f39dd4ead52" href="513ee8e6-3a42-f4b8-ad1c-3f39dd4ead52.htm">Get<wbr />Absences<wbr />By<wbr />Personnel</a></li><li><a id="1054c174-fc5d-0ce6-53a1-eb4dfdf58b49" href="1054c174-fc5d-0ce6-53a1-eb4dfdf58b49.htm">Get<wbr />Les<wbr />Motifs</a></li><li><a id="3eef0489-3103-cac8-8250-581958dee2d6" href="3eef0489-3103-cac8-8250-581958dee2d6.htm">Update<wbr />Absence</a></li></tocItems></toc>