﻿<?xml version="1.0" encoding="utf-8"?><toc><breadcrumbs><li><a href="d75eb659-6335-53f6-af7a-81814a21ab7f.htm">Docs</a></li><li><a href="d75eb659-6335-53f6-af7a-81814a21ab7f.htm">Media<wbr />Tek<wbr />86</a></li><li><a href="44211f51-81da-d97a-ff1d-044961f6ceef.htm">mediatek<wbr />86.<wbr />modele</a></li><li><a href="8de3b368-97bd-097c-f59f-7f1c18a0383b.htm">Motif</a></li><li><a href="d38fd241-5cf4-40bf-fec9-38edf7d32c10.htm">Properties</a></li></breadcrumbs><tocItems><li><a id="a211c6e7-ab64-be8e-1b3b-5ef59d0edef3" href="a211c6e7-ab64-be8e-1b3b-5ef59d0edef3.htm">Id<wbr />Motif</a></li><li><a id="990f70d1-b3c9-fd33-f391-872331a89cad" href="990f70d1-b3c9-fd33-f391-872331a89cad.htm">Libelle</a></li></tocItems></toc>