﻿<?xml version="1.0" encoding="utf-8"?><toc><breadcrumbs><li><a href="d75eb659-6335-53f6-af7a-81814a21ab7f.htm">Docs</a></li><li><a href="d75eb659-6335-53f6-af7a-81814a21ab7f.htm">Media<wbr />Tek<wbr />86</a></li><li><a href="da7c9213-a3aa-3573-d177-bd317e01593a.htm">mediatek<wbr />86.<wbr />controller</a></li><li><a href="4c8784aa-4a66-4a00-3b30-9fa1a225f041.htm">Frm<wbr />Authentification<wbr />Controller</a></li><li><a href="a2853a65-fb46-f4d7-59f1-6e78e307a0f1.htm">Methods</a></li></breadcrumbs><tocItems><li><a id="8bf5679b-8c8b-bc8c-18a4-fb6fbe6a2daf" href="8bf5679b-8c8b-bc8c-18a4-fb6fbe6a2daf.htm">Controle<wbr />Authentification</a></li></tocItems></toc>