﻿<?xml version="1.0" encoding="utf-8"?><toc><breadcrumbs><li><a href="d75eb659-6335-53f6-af7a-81814a21ab7f.htm">Docs</a></li><li><a href="d75eb659-6335-53f6-af7a-81814a21ab7f.htm">Media<wbr />Tek<wbr />86</a></li><li><a href="08100d5b-2599-e33b-f95f-a98713a410d6.htm">mediatek<wbr />86.<wbr />dal</a></li><li><a href="131a2ec4-a2a1-fc9c-2883-8020cd5785f7.htm">Personnel<wbr />Access</a></li><li><a href="47f14b18-ddc7-904f-694f-181310c4572d.htm">Methods</a></li></breadcrumbs><tocItems><li><a id="358085d7-0928-11bd-6420-e43091d8e921" href="358085d7-0928-11bd-6420-e43091d8e921.htm">Add<wbr />Personnel</a></li><li><a id="454d9880-d72f-b065-ced8-3afe65e8f0f1" href="454d9880-d72f-b065-ced8-3afe65e8f0f1.htm">Controle<wbr />Authentification</a></li><li><a id="43511a02-f12a-a164-03c8-38520bf2597e" href="43511a02-f12a-a164-03c8-38520bf2597e.htm">Del<wbr />Personnel</a></li><li><a id="b787f9ce-5ac2-ccd6-16f4-98096c282639" href="b787f9ce-5ac2-ccd6-16f4-98096c282639.htm">Get<wbr />Les<wbr />Personnel</a></li><li><a id="e3aa2f2f-5a27-6e77-03f4-0215a0b19fe8" href="e3aa2f2f-5a27-6e77-03f4-0215a0b19fe8.htm">Update<wbr />Personnel</a></li></tocItems></toc>