﻿<?xml version="1.0" encoding="utf-8"?><toc><breadcrumbs><li><a href="d75eb659-6335-53f6-af7a-81814a21ab7f.htm">Docs</a></li><li><a href="d75eb659-6335-53f6-af7a-81814a21ab7f.htm">Media<wbr />Tek<wbr />86</a></li><li><a href="da7c9213-a3aa-3573-d177-bd317e01593a.htm">mediatek<wbr />86.<wbr />controller</a></li><li><a href="75530334-6c8e-5a20-6e69-62724f797c71.htm">Frm<wbr />Mediatek<wbr />Controller</a></li><li><a href="ce425e0b-c31b-246b-98d0-a1344c9cd947.htm">Methods</a></li></breadcrumbs><tocItems><li><a id="feaa6d67-f8e0-393b-6366-ba0fec24874d" href="feaa6d67-f8e0-393b-6366-ba0fec24874d.htm">Add<wbr />Personnel</a></li><li><a id="d99786be-1978-a2f6-6936-b10a07d7aed6" href="d99786be-1978-a2f6-6936-b10a07d7aed6.htm">Del<wbr />Personnel</a></li><li><a id="14065ae4-6fc7-239a-79fa-5d112ceee196" href="14065ae4-6fc7-239a-79fa-5d112ceee196.htm">Get<wbr />Les<wbr />Personnel</a></li><li><a id="74f54699-9bbb-15cc-d31c-d297f304735d" href="74f54699-9bbb-15cc-d31c-d297f304735d.htm">Get<wbr />Les<wbr />Service</a></li><li><a id="0eba2793-0311-9a3b-dee7-8d69a5fe5217" href="0eba2793-0311-9a3b-dee7-8d69a5fe5217.htm">Update<wbr />Personnel</a></li></tocItems></toc>