﻿<?xml version="1.0" encoding="utf-8"?><toc><breadcrumbs><li><a href="d75eb659-6335-53f6-af7a-81814a21ab7f.htm">Docs</a></li><li><a href="d75eb659-6335-53f6-af7a-81814a21ab7f.htm">Media<wbr />Tek<wbr />86</a></li><li><a href="00b62050-2829-3fc3-defd-69417493f299.htm">mediatek<wbr />86.<wbr />view</a></li><li><a href="d40fb50c-f1d1-f688-02c5-a108d2c2c4e6.htm">Frm<wbr />Authentification</a></li><li><a href="8d767408-033e-ea20-1a4b-4e4f81f843d2.htm">Methods</a></li><li><a href="8668ae5b-25f7-ce5b-520e-34145fa42242.htm">Dispose</a></li></breadcrumbs><tocItems><li><a id="c26bedc1-0ecf-5422-c436-7cb8316538c6" href="c26bedc1-0ecf-5422-c436-7cb8316538c6.htm">Dispose(<wbr />Boolean)</a></li></tocItems></toc>