﻿<?xml version="1.0" encoding="utf-8"?><toc><breadcrumbs><li><a href="d75eb659-6335-53f6-af7a-81814a21ab7f.htm">Docs</a></li><li><a href="d75eb659-6335-53f6-af7a-81814a21ab7f.htm">Media<wbr />Tek<wbr />86</a></li><li><a href="44211f51-81da-d97a-ff1d-044961f6ceef.htm">mediatek<wbr />86.<wbr />modele</a></li><li><a href="dfd55345-d08c-5673-3658-711538a88d81.htm">Personnel</a></li><li><a href="504db160-dffe-ffd4-856f-8faa19d30928.htm">Properties</a></li></breadcrumbs><tocItems><li><a id="b1d90e8e-a630-434b-6bbb-b040ac7d1b16" href="b1d90e8e-a630-434b-6bbb-b040ac7d1b16.htm">Idpersonnel</a></li><li><a id="02e26952-f666-d7c5-9df3-9d1381aa62fa" href="02e26952-f666-d7c5-9df3-9d1381aa62fa.htm">Mail</a></li><li><a id="7d2f57b9-30f1-96dc-39d7-066540639042" href="7d2f57b9-30f1-96dc-39d7-066540639042.htm">Nom</a></li><li><a id="d652df6f-ae73-16b6-4644-91428067d720" href="d652df6f-ae73-16b6-4644-91428067d720.htm">Prenom</a></li><li><a id="35dc697b-8590-dcb3-7c6c-84576627a197" href="35dc697b-8590-dcb3-7c6c-84576627a197.htm">Service</a></li><li><a id="2668da12-a1a4-1aee-9b3c-77913279c609" href="2668da12-a1a4-1aee-9b3c-77913279c609.htm">Tel</a></li></tocItems></toc>