﻿<?xml version="1.0" encoding="utf-8"?><toc><breadcrumbs><li><a href="d75eb659-6335-53f6-af7a-81814a21ab7f.htm">Docs</a></li><li><a href="d75eb659-6335-53f6-af7a-81814a21ab7f.htm">Media<wbr />Tek<wbr />86</a></li><li><a href="da7c9213-a3aa-3573-d177-bd317e01593a.htm">mediatek<wbr />86.<wbr />controller</a></li><li><a href="4c8784aa-4a66-4a00-3b30-9fa1a225f041.htm">Frm<wbr />Authentification<wbr />Controller</a></li></breadcrumbs><tocItems><li><a id="d04935ce-abc9-2071-199b-6d98b393d879" href="d04935ce-abc9-2071-199b-6d98b393d879.htm">Constructor</a></li><li><a id="a2853a65-fb46-f4d7-59f1-6e78e307a0f1" class="has-submenu" href="a2853a65-fb46-f4d7-59f1-6e78e307a0f1.htm"><span data-tocFile="../toc/IDBBCA.xml" class="icon toggle" onclick="ToggleExpandCollapse(this); return false;"><i class="fa fa-angle-right"> </i></span>Methods</a><ul class="toc-menu is-hidden"> </ul></li><li><a id="80d274a2-5825-edfd-4de1-d23c696cdee0" class="has-submenu" href="80d274a2-5825-edfd-4de1-d23c696cdee0.htm"><span data-tocFile="../toc/IDCBCA.xml" class="icon toggle" onclick="ToggleExpandCollapse(this); return false;"><i class="fa fa-angle-right"> </i></span>Fields</a><ul class="toc-menu is-hidden"> </ul></li></tocItems></toc>