﻿<?xml version="1.0" encoding="utf-8"?><toc><breadcrumbs><li><a href="d75eb659-6335-53f6-af7a-81814a21ab7f.htm">Docs</a></li><li><a href="d75eb659-6335-53f6-af7a-81814a21ab7f.htm">Media<wbr />Tek<wbr />86</a></li><li><a href="44211f51-81da-d97a-ff1d-044961f6ceef.htm">mediatek<wbr />86.<wbr />modele</a></li><li><a href="8de3b368-97bd-097c-f59f-7f1c18a0383b.htm">Motif</a></li></breadcrumbs><tocItems><li><a id="a60e3a8c-9e8d-14e8-bedd-9fdffbb6593d" href="a60e3a8c-9e8d-14e8-bedd-9fdffbb6593d.htm">Constructor</a></li><li><a id="d38fd241-5cf4-40bf-fec9-38edf7d32c10" class="has-submenu" href="d38fd241-5cf4-40bf-fec9-38edf7d32c10.htm"><span data-tocFile="../toc/IDBBEA.xml" class="icon toggle" onclick="ToggleExpandCollapse(this); return false;"><i class="fa fa-angle-right"> </i></span>Properties</a><ul class="toc-menu is-hidden"> </ul></li><li><a id="0e2b43bc-e53b-0898-54ea-81608a20d7ef" href="0e2b43bc-e53b-0898-54ea-81608a20d7ef.htm">Methods</a></li></tocItems></toc>