﻿<?xml version="1.0" encoding="utf-8"?><toc><breadcrumbs><li><a href="d75eb659-6335-53f6-af7a-81814a21ab7f.htm">Docs</a></li><li><a href="d75eb659-6335-53f6-af7a-81814a21ab7f.htm">Media<wbr />Tek<wbr />86</a></li><li><a href="00b62050-2829-3fc3-defd-69417493f299.htm">mediatek<wbr />86.<wbr />view</a></li><li><a href="d40fb50c-f1d1-f688-02c5-a108d2c2c4e6.htm">Frm<wbr />Authentification</a></li></breadcrumbs><tocItems><li><a id="319c864f-7514-4e2a-1868-a806c14a9c09" href="319c864f-7514-4e2a-1868-a806c14a9c09.htm">Constructor</a></li><li><a id="5d214f3f-f1c5-6b04-ba0e-2e3db0881403" href="5d214f3f-f1c5-6b04-ba0e-2e3db0881403.htm">Properties</a></li><li><a id="8d767408-033e-ea20-1a4b-4e4f81f843d2" class="has-submenu" href="8d767408-033e-ea20-1a4b-4e4f81f843d2.htm"><span data-tocFile="../toc/IDCBFA.xml" class="icon toggle" onclick="ToggleExpandCollapse(this); return false;"><i class="fa fa-angle-right"> </i></span>Methods</a><ul class="toc-menu is-hidden"> </ul></li><li><a id="fd436458-4dbe-f2b0-be14-74621e0d11b8" href="fd436458-4dbe-f2b0-be14-74621e0d11b8.htm">Events</a></li><li><a id="40a24e28-b6a8-f7d7-722b-600c0cbfc234" class="has-submenu" href="40a24e28-b6a8-f7d7-722b-600c0cbfc234.htm"><span data-tocFile="../toc/IDEBFA.xml" class="icon toggle" onclick="ToggleExpandCollapse(this); return false;"><i class="fa fa-angle-right"> </i></span>Fields</a><ul class="toc-menu is-hidden"> </ul></li></tocItems></toc>