﻿<?xml version="1.0" encoding="utf-8"?><toc><breadcrumbs><li><a href="d75eb659-6335-53f6-af7a-81814a21ab7f.htm">Docs</a></li><li><a href="d75eb659-6335-53f6-af7a-81814a21ab7f.htm">Media<wbr />Tek<wbr />86</a></li><li><a href="00b62050-2829-3fc3-defd-69417493f299.htm">mediatek<wbr />86.<wbr />view</a></li><li><a href="ac5b25e4-616d-3132-f459-887308ae91e6.htm">Frm<wbr />Absence</a></li><li><a href="238fdacf-334e-eda4-bed6-1758daa91f1f.htm">Methods</a></li></breadcrumbs><tocItems><li><a id="098f34d2-f054-d4ba-9d68-09a3ae070a20" href="098f34d2-f054-d4ba-9d68-09a3ae070a20.htm">button<wbr />Ajouter_<wbr />Click</a></li><li><a id="27ab1372-13da-2343-46f6-90761ccd91b8" href="27ab1372-13da-2343-46f6-90761ccd91b8.htm">button<wbr />Annuler_<wbr />Click</a></li><li><a id="66986140-4d49-97ae-d64b-7f1b87e8a306" href="66986140-4d49-97ae-d64b-7f1b87e8a306.htm">button<wbr />Enregistrer_<wbr />Click</a></li><li><a id="7c941ed4-81b0-18c6-02a1-368ade639435" href="7c941ed4-81b0-18c6-02a1-368ade639435.htm">button<wbr />Modifier<wbr />Absences_<wbr />Click</a></li><li><a id="2798edd0-b752-b1e5-f6db-6edb2bd72f93" href="2798edd0-b752-b1e5-f6db-6edb2bd72f93.htm">button<wbr />Supprimer<wbr />Absences_<wbr />Click</a></li><li><a id="1854ebbe-77d7-8c9b-42d6-931d7abfd0b5" class="has-submenu" href="1854ebbe-77d7-8c9b-42d6-931d7abfd0b5.htm"><span data-tocFile="../toc/IDFCAFA.xml" class="icon toggle" onclick="ToggleExpandCollapse(this); return false;"><i class="fa fa-angle-right"> </i></span>Dispose</a><ul class="toc-menu is-hidden"> </ul></li><li><a id="d5719ecb-e798-bbfa-fe1e-a5547b124b38" href="d5719ecb-e798-bbfa-fe1e-a5547b124b38.htm">En<wbr />Cours<wbr />De<wbr />Modif<wbr />Absence</a></li><li><a id="6e8770d7-b5c6-30ab-9e36-2e0cb0744fc3" href="6e8770d7-b5c6-30ab-9e36-2e0cb0744fc3.htm">Frm<wbr />Absence_<wbr />Form<wbr />Closing</a></li><li><a id="329c505a-02a2-f904-e8f3-60c7cb2576cf" href="329c505a-02a2-f904-e8f3-60c7cb2576cf.htm">Init</a></li><li><a id="adca0cd8-31f4-75d6-e299-f6a45d75f333" href="adca0cd8-31f4-75d6-e299-f6a45d75f333.htm">Initialize<wbr />Component</a></li><li><a id="0d40c2da-bd21-0583-9c6b-bf6473449a56" href="0d40c2da-bd21-0583-9c6b-bf6473449a56.htm">Remplir<wbr />Liste<wbr />Absences</a></li><li><a id="502b7bc5-3c9a-7e43-972f-a91634e3a549" href="502b7bc5-3c9a-7e43-972f-a91634e3a549.htm">Remplir<wbr />Liste<wbr />Motifs</a></li><li><a id="526729aa-fac6-8831-04e4-390cb83f1288" href="526729aa-fac6-8831-04e4-390cb83f1288.htm">Verifier<wbr />Chevauchement<wbr />Absences</a></li><li><a id="09fbf66b-b400-7d80-3699-c14741f23386" href="09fbf66b-b400-7d80-3699-c14741f23386.htm">Vider<wbr />Champs</a></li></tocItems></toc>