﻿<?xml version="1.0" encoding="utf-8"?><toc><breadcrumbs><li><a href="d75eb659-6335-53f6-af7a-81814a21ab7f.htm">Docs</a></li><li><a href="d75eb659-6335-53f6-af7a-81814a21ab7f.htm">Media<wbr />Tek<wbr />86</a></li><li><a href="da7c9213-a3aa-3573-d177-bd317e01593a.htm">mediatek<wbr />86.<wbr />controller</a></li></breadcrumbs><tocItems><li><a id="2db33293-50a4-728d-2b9b-d929119b535c" class="has-submenu" href="2db33293-50a4-728d-2b9b-d929119b535c.htm"><span data-tocFile="../toc/IDACA.xml" class="icon toggle" onclick="ToggleExpandCollapse(this); return false;"><i class="fa fa-angle-right"> </i></span>Frm<wbr />Absence<wbr />Controller</a><ul class="toc-menu is-hidden"> </ul></li><li><a id="4c8784aa-4a66-4a00-3b30-9fa1a225f041" class="has-submenu" href="4c8784aa-4a66-4a00-3b30-9fa1a225f041.htm"><span data-tocFile="../toc/IDBCA.xml" class="icon toggle" onclick="ToggleExpandCollapse(this); return false;"><i class="fa fa-angle-right"> </i></span>Frm<wbr />Authentification<wbr />Controller</a><ul class="toc-menu is-hidden"> </ul></li><li><a id="75530334-6c8e-5a20-6e69-62724f797c71" class="has-submenu" href="75530334-6c8e-5a20-6e69-62724f797c71.htm"><span data-tocFile="../toc/IDCCA.xml" class="icon toggle" onclick="ToggleExpandCollapse(this); return false;"><i class="fa fa-angle-right"> </i></span>Frm<wbr />Mediatek<wbr />Controller</a><ul class="toc-menu is-hidden"> </ul></li></tocItems></toc>