﻿<?xml version="1.0" encoding="utf-8"?><toc><breadcrumbs><li><a href="d75eb659-6335-53f6-af7a-81814a21ab7f.htm">Docs</a></li><li><a href="d75eb659-6335-53f6-af7a-81814a21ab7f.htm">Media<wbr />Tek<wbr />86</a></li><li><a href="4ef7e531-4b9b-cf6b-2dff-56cf830489db.htm">mediatek<wbr />86.<wbr />bddmanager</a></li><li><a href="205e2c0b-eece-8c97-4f00-d11e4edb6b9c.htm">Bdd<wbr />Manager</a></li><li><a href="b0f2a75f-b694-1104-304a-fbf18bca617e.htm">Fields</a></li></breadcrumbs><tocItems><li><a id="0d16b01f-9200-5103-8f15-cf28f5941028" href="0d16b01f-9200-5103-8f15-cf28f5941028.htm">connection</a></li><li><a id="7cabdf69-477f-8d96-0a01-9cd4a02cd2a6" href="7cabdf69-477f-8d96-0a01-9cd4a02cd2a6.htm">instance</a></li></tocItems></toc>