﻿<?xml version="1.0" encoding="utf-8"?><toc><breadcrumbs><li><a href="d75eb659-6335-53f6-af7a-81814a21ab7f.htm">Docs</a></li><li><a href="d75eb659-6335-53f6-af7a-81814a21ab7f.htm">Media<wbr />Tek<wbr />86</a></li><li><a href="da7c9213-a3aa-3573-d177-bd317e01593a.htm">mediatek<wbr />86.<wbr />controller</a></li><li><a href="2db33293-50a4-728d-2b9b-d929119b535c.htm">Frm<wbr />Absence<wbr />Controller</a></li><li><a href="59bdfb4c-faa7-16b5-7c58-c3260eff139b.htm">Fields</a></li></breadcrumbs><tocItems><li><a id="5333a042-0fd8-4f1c-8e67-d9e248435fc8" href="5333a042-0fd8-4f1c-8e67-d9e248435fc8.htm">absence<wbr />Access</a></li></tocItems></toc>