﻿<?xml version="1.0" encoding="utf-8"?><toc><breadcrumbs><li><a href="d75eb659-6335-53f6-af7a-81814a21ab7f.htm">Docs</a></li><li><a href="d75eb659-6335-53f6-af7a-81814a21ab7f.htm">Media<wbr />Tek<wbr />86</a></li><li><a href="08100d5b-2599-e33b-f95f-a98713a410d6.htm">mediatek<wbr />86.<wbr />dal</a></li><li><a href="7c381d6b-dec2-150a-d91f-3e9df434d87a.htm">Access</a></li><li><a href="4fe2b95c-fb25-3222-63ef-3dae83c3bc54.htm">Properties</a></li></breadcrumbs><tocItems><li><a id="d2cad11e-8eb1-6938-7c95-e62af552c226" href="d2cad11e-8eb1-6938-7c95-e62af552c226.htm">Manager</a></li></tocItems></toc>