﻿<?xml version="1.0" encoding="utf-8"?><toc><breadcrumbs><li><a href="d75eb659-6335-53f6-af7a-81814a21ab7f.htm">Docs</a></li><li><a href="d75eb659-6335-53f6-af7a-81814a21ab7f.htm">Media<wbr />Tek<wbr />86</a></li><li><a href="00b62050-2829-3fc3-defd-69417493f299.htm">mediatek<wbr />86.<wbr />view</a></li><li><a href="d40fb50c-f1d1-f688-02c5-a108d2c2c4e6.htm">Frm<wbr />Authentification</a></li><li><a href="8d767408-033e-ea20-1a4b-4e4f81f843d2.htm">Methods</a></li></breadcrumbs><tocItems><li><a id="83d74f33-40d4-86a2-90c4-7a31768a0273" href="83d74f33-40d4-86a2-90c4-7a31768a0273.htm">button<wbr />Connecter_<wbr />Click</a></li><li><a id="8668ae5b-25f7-ce5b-520e-34145fa42242" class="has-submenu" href="8668ae5b-25f7-ce5b-520e-34145fa42242.htm"><span data-tocFile="../toc/IDBCBFA.xml" class="icon toggle" onclick="ToggleExpandCollapse(this); return false;"><i class="fa fa-angle-right"> </i></span>Dispose</a><ul class="toc-menu is-hidden"> </ul></li><li><a id="130ef61b-e53b-a870-9e6e-30670bb4791f" href="130ef61b-e53b-a870-9e6e-30670bb4791f.htm">Initialize<wbr />Component</a></li></tocItems></toc>