﻿<?xml version="1.0" encoding="utf-8"?><toc><breadcrumbs><li><a href="d75eb659-6335-53f6-af7a-81814a21ab7f.htm">Docs</a></li><li><a href="d75eb659-6335-53f6-af7a-81814a21ab7f.htm">Media<wbr />Tek<wbr />86</a></li><li><a href="da7c9213-a3aa-3573-d177-bd317e01593a.htm">mediatek<wbr />86.<wbr />controller</a></li><li><a href="4c8784aa-4a66-4a00-3b30-9fa1a225f041.htm">Frm<wbr />Authentification<wbr />Controller</a></li><li><a href="80d274a2-5825-edfd-4de1-d23c696cdee0.htm">Fields</a></li></breadcrumbs><tocItems><li><a id="d302f50b-de77-497e-0d51-fb51c4fd4db5" href="d302f50b-de77-497e-0d51-fb51c4fd4db5.htm">personnel<wbr />Access</a></li></tocItems></toc>