﻿<?xml version="1.0" encoding="utf-8"?><toc><breadcrumbs><li><a href="d75eb659-6335-53f6-af7a-81814a21ab7f.htm">Docs</a></li><li><a href="d75eb659-6335-53f6-af7a-81814a21ab7f.htm">Media<wbr />Tek<wbr />86</a></li><li><a href="da7c9213-a3aa-3573-d177-bd317e01593a.htm">mediatek<wbr />86.<wbr />controller</a></li><li><a href="75530334-6c8e-5a20-6e69-62724f797c71.htm">Frm<wbr />Mediatek<wbr />Controller</a></li></breadcrumbs><tocItems><li><a id="05e4bf65-ba77-4713-c221-024b72d066f9" href="05e4bf65-ba77-4713-c221-024b72d066f9.htm">Constructor</a></li><li><a id="ce425e0b-c31b-246b-98d0-a1344c9cd947" class="has-submenu" href="ce425e0b-c31b-246b-98d0-a1344c9cd947.htm"><span data-tocFile="../toc/IDBCCA.xml" class="icon toggle" onclick="ToggleExpandCollapse(this); return false;"><i class="fa fa-angle-right"> </i></span>Methods</a><ul class="toc-menu is-hidden"> </ul></li><li><a id="315c0ba4-bf09-f3e5-08b5-2405b651f87d" class="has-submenu" href="315c0ba4-bf09-f3e5-08b5-2405b651f87d.htm"><span data-tocFile="../toc/IDCCCA.xml" class="icon toggle" onclick="ToggleExpandCollapse(this); return false;"><i class="fa fa-angle-right"> </i></span>Fields</a><ul class="toc-menu is-hidden"> </ul></li></tocItems></toc>