﻿<?xml version="1.0" encoding="utf-8"?><toc><breadcrumbs><li><a href="d75eb659-6335-53f6-af7a-81814a21ab7f.htm">Docs</a></li><li><a href="d75eb659-6335-53f6-af7a-81814a21ab7f.htm">Media<wbr />Tek<wbr />86</a></li><li><a href="da7c9213-a3aa-3573-d177-bd317e01593a.htm">mediatek<wbr />86.<wbr />controller</a></li><li><a href="75530334-6c8e-5a20-6e69-62724f797c71.htm">Frm<wbr />Mediatek<wbr />Controller</a></li><li><a href="315c0ba4-bf09-f3e5-08b5-2405b651f87d.htm">Fields</a></li></breadcrumbs><tocItems><li><a id="ca11ed4e-5499-8d31-151f-3c015ed873d9" href="ca11ed4e-5499-8d31-151f-3c015ed873d9.htm">personnel<wbr />Access</a></li><li><a id="ca000a2c-ff53-5e94-0f68-1c7ad086d68d" href="ca000a2c-ff53-5e94-0f68-1c7ad086d68d.htm">service<wbr />Access</a></li></tocItems></toc>