﻿<?xml version="1.0" encoding="utf-8"?><toc><breadcrumbs><li><a href="d75eb659-6335-53f6-af7a-81814a21ab7f.htm">Docs</a></li><li><a href="d75eb659-6335-53f6-af7a-81814a21ab7f.htm">Media<wbr />Tek<wbr />86</a></li><li><a href="08100d5b-2599-e33b-f95f-a98713a410d6.htm">mediatek<wbr />86.<wbr />dal</a></li><li><a href="131a2ec4-a2a1-fc9c-2883-8020cd5785f7.htm">Personnel<wbr />Access</a></li><li><a href="a797458c-4760-b9a9-fe30-b6c1cb3d530e.htm">Fields</a></li></breadcrumbs><tocItems><li><a id="8b2d01ff-6296-73e6-e81c-c16e4ef1ef22" href="8b2d01ff-6296-73e6-e81c-c16e4ef1ef22.htm">access</a></li></tocItems></toc>