﻿<?xml version="1.0" encoding="utf-8"?><toc><breadcrumbs><li><a href="d75eb659-6335-53f6-af7a-81814a21ab7f.htm">Docs</a></li><li><a href="d75eb659-6335-53f6-af7a-81814a21ab7f.htm">Media<wbr />Tek<wbr />86</a></li><li><a href="00b62050-2829-3fc3-defd-69417493f299.htm">mediatek<wbr />86.<wbr />view</a></li><li><a href="d044339b-f61e-6f57-e6d4-25bc4a416b89.htm">Frm<wbr />Mediatek</a></li><li><a href="622c5f8a-d2b3-eccf-d1a7-6c33e785e75b.htm">Methods</a></li></breadcrumbs><tocItems><li><a id="d79fe88e-1a40-054e-7ad8-888b389a7bce" href="d79fe88e-1a40-054e-7ad8-888b389a7bce.htm">button<wbr />Absences_<wbr />Click</a></li><li><a id="019f7e4a-f3a5-1064-7bcd-8ba60b906dad" href="019f7e4a-f3a5-1064-7bcd-8ba60b906dad.htm">button<wbr />Annuler_<wbr />Click</a></li><li><a id="604c511c-f803-e51a-3d07-fdb1ffa91a9b" href="604c511c-f803-e51a-3d07-fdb1ffa91a9b.htm">button<wbr />Enregistrer_<wbr />Click</a></li><li><a id="491ceb1f-7e3d-96a1-34b8-40797b765e3f" href="491ceb1f-7e3d-96a1-34b8-40797b765e3f.htm">button<wbr />Modifier_<wbr />Click</a></li><li><a id="b40a34fe-c79a-08da-51f2-f3975fbfcafc" href="b40a34fe-c79a-08da-51f2-f3975fbfcafc.htm">button<wbr />Supprimer_<wbr />Click</a></li><li><a id="e3a50752-2e32-6b83-50e3-227dcef73b9d" class="has-submenu" href="e3a50752-2e32-6b83-50e3-227dcef73b9d.htm"><span data-tocFile="../toc/IDFCCFA.xml" class="icon toggle" onclick="ToggleExpandCollapse(this); return false;"><i class="fa fa-angle-right"> </i></span>Dispose</a><ul class="toc-menu is-hidden"> </ul></li><li><a id="7fe4a3d8-73b3-af07-2fa6-b4a195983166" href="7fe4a3d8-73b3-af07-2fa6-b4a195983166.htm">En<wbr />Course<wbr />Modif<wbr />Personnel</a></li><li><a id="7a9507b3-a59a-4db1-45d9-1f01cf97c4f5" href="7a9507b3-a59a-4db1-45d9-1f01cf97c4f5.htm">Frm<wbr />Mediatek_<wbr />Form<wbr />Closing</a></li><li><a id="08fd0e36-d92d-5317-e7b4-655c86407bae" href="08fd0e36-d92d-5317-e7b4-655c86407bae.htm">Init</a></li><li><a id="3852688a-b0fc-9936-34f1-0085b01fdb03" href="3852688a-b0fc-9936-34f1-0085b01fdb03.htm">Initialize<wbr />Component</a></li><li><a id="88bb117a-65cb-70e3-344a-40e8162e6015" href="88bb117a-65cb-70e3-344a-40e8162e6015.htm">Remplir<wbr />Liste<wbr />Personnel</a></li><li><a id="1b432ea6-5c8e-2bcf-a0c5-55efaf0c20ec" href="1b432ea6-5c8e-2bcf-a0c5-55efaf0c20ec.htm">Remplir<wbr />Liste<wbr />Service</a></li></tocItems></toc>