﻿<?xml version="1.0" encoding="utf-8"?><toc><breadcrumbs><li><a href="d75eb659-6335-53f6-af7a-81814a21ab7f.htm">Docs</a></li><li><a href="d75eb659-6335-53f6-af7a-81814a21ab7f.htm">Media<wbr />Tek<wbr />86</a></li><li><a href="08100d5b-2599-e33b-f95f-a98713a410d6.htm">mediatek<wbr />86.<wbr />dal</a></li><li><a href="131a2ec4-a2a1-fc9c-2883-8020cd5785f7.htm">Personnel<wbr />Access</a></li></breadcrumbs><tocItems><li><a id="7c219952-0495-14d4-09e3-3849f121e9f6" href="7c219952-0495-14d4-09e3-3849f121e9f6.htm">Constructor</a></li><li><a id="47f14b18-ddc7-904f-694f-181310c4572d" class="has-submenu" href="47f14b18-ddc7-904f-694f-181310c4572d.htm"><span data-tocFile="../toc/IDBCDA.xml" class="icon toggle" onclick="ToggleExpandCollapse(this); return false;"><i class="fa fa-angle-right"> </i></span>Methods</a><ul class="toc-menu is-hidden"> </ul></li><li><a id="a797458c-4760-b9a9-fe30-b6c1cb3d530e" class="has-submenu" href="a797458c-4760-b9a9-fe30-b6c1cb3d530e.htm"><span data-tocFile="../toc/IDCCDA.xml" class="icon toggle" onclick="ToggleExpandCollapse(this); return false;"><i class="fa fa-angle-right"> </i></span>Fields</a><ul class="toc-menu is-hidden"> </ul></li></tocItems></toc>