﻿<?xml version="1.0" encoding="utf-8"?><toc><breadcrumbs><li><a href="d75eb659-6335-53f6-af7a-81814a21ab7f.htm">Docs</a></li><li><a href="d75eb659-6335-53f6-af7a-81814a21ab7f.htm">Media<wbr />Tek<wbr />86</a></li><li><a href="44211f51-81da-d97a-ff1d-044961f6ceef.htm">mediatek<wbr />86.<wbr />modele</a></li><li><a href="dfd55345-d08c-5673-3658-711538a88d81.htm">Personnel</a></li></breadcrumbs><tocItems><li><a id="9fe7d527-4c07-3f8b-db4c-7770246386b2" href="9fe7d527-4c07-3f8b-db4c-7770246386b2.htm">Constructor</a></li><li><a id="504db160-dffe-ffd4-856f-8faa19d30928" class="has-submenu" href="504db160-dffe-ffd4-856f-8faa19d30928.htm"><span data-tocFile="../toc/IDBCEA.xml" class="icon toggle" onclick="ToggleExpandCollapse(this); return false;"><i class="fa fa-angle-right"> </i></span>Properties</a><ul class="toc-menu is-hidden"> </ul></li><li><a id="eef3f8ba-d88c-18a1-6202-a6a878eb4723" href="eef3f8ba-d88c-18a1-6202-a6a878eb4723.htm">Methods</a></li></tocItems></toc>