﻿<?xml version="1.0" encoding="utf-8"?><toc><breadcrumbs><li><a href="d75eb659-6335-53f6-af7a-81814a21ab7f.htm">Docs</a></li><li><a href="d75eb659-6335-53f6-af7a-81814a21ab7f.htm">Media<wbr />Tek<wbr />86</a></li><li><a href="44211f51-81da-d97a-ff1d-044961f6ceef.htm">mediatek<wbr />86.<wbr />modele</a></li><li><a href="0e926f6c-c098-0e30-364e-7b153ed26ad8.htm">Service</a></li><li><a href="3e868fcf-f471-c5f4-e2cc-42616ade250d.htm">Methods</a></li></breadcrumbs><tocItems><li><a id="c8ca7821-dbde-54ee-caf3-fc75dad36610" href="c8ca7821-dbde-54ee-caf3-fc75dad36610.htm">To<wbr />String</a></li></tocItems></toc>