﻿<?xml version="1.0" encoding="utf-8"?><toc><breadcrumbs><li><a href="d75eb659-6335-53f6-af7a-81814a21ab7f.htm">Docs</a></li><li><a href="d75eb659-6335-53f6-af7a-81814a21ab7f.htm">Media<wbr />Tek<wbr />86</a></li><li><a href="00b62050-2829-3fc3-defd-69417493f299.htm">mediatek<wbr />86.<wbr />view</a></li><li><a href="d044339b-f61e-6f57-e6d4-25bc4a416b89.htm">Frm<wbr />Mediatek</a></li></breadcrumbs><tocItems><li><a id="29615ece-991b-5828-e034-24748cebbfa8" href="29615ece-991b-5828-e034-24748cebbfa8.htm">Constructor</a></li><li><a id="10808fd3-2be8-3398-934f-447c0b81ae56" href="10808fd3-2be8-3398-934f-447c0b81ae56.htm">Properties</a></li><li><a id="622c5f8a-d2b3-eccf-d1a7-6c33e785e75b" class="has-submenu" href="622c5f8a-d2b3-eccf-d1a7-6c33e785e75b.htm"><span data-tocFile="../toc/IDCCFA.xml" class="icon toggle" onclick="ToggleExpandCollapse(this); return false;"><i class="fa fa-angle-right"> </i></span>Methods</a><ul class="toc-menu is-hidden"> </ul></li><li><a id="6f04635b-3cbf-1d6e-2e54-ee38548f3546" href="6f04635b-3cbf-1d6e-2e54-ee38548f3546.htm">Events</a></li><li><a id="41e0f7eb-e82a-2481-5963-ac9f4fa12400" class="has-submenu" href="41e0f7eb-e82a-2481-5963-ac9f4fa12400.htm"><span data-tocFile="../toc/IDECFA.xml" class="icon toggle" onclick="ToggleExpandCollapse(this); return false;"><i class="fa fa-angle-right"> </i></span>Fields</a><ul class="toc-menu is-hidden"> </ul></li></tocItems></toc>