﻿<?xml version="1.0" encoding="utf-8"?><toc><breadcrumbs><li><a href="d75eb659-6335-53f6-af7a-81814a21ab7f.htm">Docs</a></li><li><a href="d75eb659-6335-53f6-af7a-81814a21ab7f.htm">Media<wbr />Tek<wbr />86</a></li><li><a href="44211f51-81da-d97a-ff1d-044961f6ceef.htm">mediatek<wbr />86.<wbr />modele</a></li></breadcrumbs><tocItems><li><a id="d6e936c1-fcdf-f3df-0de7-db333781e620" class="has-submenu" href="d6e936c1-fcdf-f3df-0de7-db333781e620.htm"><span data-tocFile="../toc/IDAEA.xml" class="icon toggle" onclick="ToggleExpandCollapse(this); return false;"><i class="fa fa-angle-right"> </i></span>Absence</a><ul class="toc-menu is-hidden"> </ul></li><li><a id="8de3b368-97bd-097c-f59f-7f1c18a0383b" class="has-submenu" href="8de3b368-97bd-097c-f59f-7f1c18a0383b.htm"><span data-tocFile="../toc/IDBEA.xml" class="icon toggle" onclick="ToggleExpandCollapse(this); return false;"><i class="fa fa-angle-right"> </i></span>Motif</a><ul class="toc-menu is-hidden"> </ul></li><li><a id="dfd55345-d08c-5673-3658-711538a88d81" class="has-submenu" href="dfd55345-d08c-5673-3658-711538a88d81.htm"><span data-tocFile="../toc/IDCEA.xml" class="icon toggle" onclick="ToggleExpandCollapse(this); return false;"><i class="fa fa-angle-right"> </i></span>Personnel</a><ul class="toc-menu is-hidden"> </ul></li><li><a id="c1a17b2e-0ac2-f613-2d7c-e5a99bf534f8" class="has-submenu" href="c1a17b2e-0ac2-f613-2d7c-e5a99bf534f8.htm"><span data-tocFile="../toc/IDDEA.xml" class="icon toggle" onclick="ToggleExpandCollapse(this); return false;"><i class="fa fa-angle-right"> </i></span>Responsable</a><ul class="toc-menu is-hidden"> </ul></li><li><a id="0e926f6c-c098-0e30-364e-7b153ed26ad8" class="has-submenu" href="0e926f6c-c098-0e30-364e-7b153ed26ad8.htm"><span data-tocFile="../toc/IDEEA.xml" class="icon toggle" onclick="ToggleExpandCollapse(this); return false;"><i class="fa fa-angle-right"> </i></span>Service</a><ul class="toc-menu is-hidden"> </ul></li></tocItems></toc>