﻿<?xml version="1.0" encoding="utf-8"?><toc><breadcrumbs><li><a href="d75eb659-6335-53f6-af7a-81814a21ab7f.htm">Docs</a></li><li><a href="d75eb659-6335-53f6-af7a-81814a21ab7f.htm">Media<wbr />Tek<wbr />86</a></li><li><a href="00b62050-2829-3fc3-defd-69417493f299.htm">mediatek<wbr />86.<wbr />view</a></li><li><a href="ac5b25e4-616d-3132-f459-887308ae91e6.htm">Frm<wbr />Absence</a></li><li><a href="f92abb68-294e-731b-836f-ab6476248e4b.htm">Fields</a></li></breadcrumbs><tocItems><li><a id="80254a7b-15c8-1b38-2b7b-a1bd2907f65c" href="80254a7b-15c8-1b38-2b7b-a1bd2907f65c.htm">absence<wbr />En<wbr />Modification</a></li><li><a id="15456a67-4bed-394c-8604-e8626a904187" href="15456a67-4bed-394c-8604-e8626a904187.htm">bdg<wbr />Absences</a></li><li><a id="66ad021d-aeb5-5dd7-1130-bc9f192e82ce" href="66ad021d-aeb5-5dd7-1130-bc9f192e82ce.htm">bdg<wbr />Motifs</a></li><li><a id="400e17da-98e1-621e-38f6-64c8bf016908" href="400e17da-98e1-621e-38f6-64c8bf016908.htm">button<wbr />Annuler</a></li><li><a id="1bcc5310-4301-6ec6-1e8d-db03d47917bd" href="1bcc5310-4301-6ec6-1e8d-db03d47917bd.htm">button<wbr />Enregistrer</a></li><li><a id="7e212472-ccde-a84b-4e69-fdc23ff17b34" href="7e212472-ccde-a84b-4e69-fdc23ff17b34.htm">button<wbr />Modifier<wbr />Absences</a></li><li><a id="7d251a25-c7b8-00be-7618-9a039731ac12" href="7d251a25-c7b8-00be-7618-9a039731ac12.htm">button<wbr />Supprimer<wbr />Absences</a></li><li><a id="893a5eb3-83e8-0015-1863-46bec6de5f20" href="893a5eb3-83e8-0015-1863-46bec6de5f20.htm">combo<wbr />Box<wbr />Motif</a></li><li><a id="0c85e69c-788d-8623-b3eb-2be7d0fcf181" href="0c85e69c-788d-8623-b3eb-2be7d0fcf181.htm">components</a></li><li><a id="8a508d44-4cde-b14d-4d8f-eefa99102995" href="8a508d44-4cde-b14d-4d8f-eefa99102995.htm">controller</a></li><li><a id="0ccb1eb0-82bb-1791-26cc-ee7b6e8bc1ba" href="0ccb1eb0-82bb-1791-26cc-ee7b6e8bc1ba.htm">data<wbr />Grid<wbr />View<wbr />Absence</a></li><li><a id="7963650e-913c-5181-86d0-696906007447" href="7963650e-913c-5181-86d0-696906007447.htm">date<wbr />Debut<wbr />Originale</a></li><li><a id="54fba559-6d3d-9989-53ff-75091a3bfe34" href="54fba559-6d3d-9989-53ff-75091a3bfe34.htm">date<wbr />Time<wbr />Picker<wbr />Debut</a></li><li><a id="fa712bb2-59b7-8193-bcd8-5c19fe30406f" href="fa712bb2-59b7-8193-bcd8-5c19fe30406f.htm">date<wbr />Time<wbr />Picker<wbr />Fin</a></li><li><a id="98cc7126-ad54-e9fc-993d-96fc2e3e7085" href="98cc7126-ad54-e9fc-993d-96fc2e3e7085.htm">group<wbr />Box<wbr />Absences</a></li><li><a id="06032dd1-4022-5c3f-d590-66753896f73b" href="06032dd1-4022-5c3f-d590-66753896f73b.htm">group<wbr />Box<wbr />Ajouter<wbr />Abs</a></li><li><a id="f8da5897-8a2a-f214-19ab-7d5743af711c" href="f8da5897-8a2a-f214-19ab-7d5743af711c.htm">label<wbr />Datedebut</a></li><li><a id="cad1bd8f-07f1-99ec-438c-88afadb9a846" href="cad1bd8f-07f1-99ec-438c-88afadb9a846.htm">label<wbr />Motif<wbr />Absences</a></li><li><a id="af3576bf-0299-f2d4-6489-b2b40bb9048d" href="af3576bf-0299-f2d4-6489-b2b40bb9048d.htm">label<wbr />Tel</a></li><li><a id="3cf8b105-94ab-8b19-5bfc-f1c40c529391" href="3cf8b105-94ab-8b19-5bfc-f1c40c529391.htm">personnel<wbr />Selectionne</a></li><li><a id="862d3f33-d823-5256-3418-43944b0c9387" href="862d3f33-d823-5256-3418-43944b0c9387.htm">titre<wbr />Fenetre<wbr />Information</a></li></tocItems></toc>