﻿<?xml version="1.0" encoding="utf-8"?><toc><breadcrumbs><li><a href="d75eb659-6335-53f6-af7a-81814a21ab7f.htm">Docs</a></li><li><a href="d75eb659-6335-53f6-af7a-81814a21ab7f.htm">Media<wbr />Tek<wbr />86</a></li><li><a href="00b62050-2829-3fc3-defd-69417493f299.htm">mediatek<wbr />86.<wbr />view</a></li><li><a href="d40fb50c-f1d1-f688-02c5-a108d2c2c4e6.htm">Frm<wbr />Authentification</a></li><li><a href="40a24e28-b6a8-f7d7-722b-600c0cbfc234.htm">Fields</a></li></breadcrumbs><tocItems><li><a id="e429c15b-5b09-dfb0-b473-8b72a9ea82aa" href="e429c15b-5b09-dfb0-b473-8b72a9ea82aa.htm">button<wbr />Connecter</a></li><li><a id="802ae768-495b-4a42-8e67-cccf7b390686" href="802ae768-495b-4a42-8e67-cccf7b390686.htm">components</a></li><li><a id="a9220067-36de-95d6-7830-87e1617075e3" href="a9220067-36de-95d6-7830-87e1617075e3.htm">controller</a></li><li><a id="e6bf8e92-2ee5-a9ff-fc07-1c024dcc9c2b" href="e6bf8e92-2ee5-a9ff-fc07-1c024dcc9c2b.htm">label<wbr />Login</a></li><li><a id="e4c672fb-2720-69e0-5bed-b98d9fea8175" href="e4c672fb-2720-69e0-5bed-b98d9fea8175.htm">label<wbr />PWD</a></li><li><a id="e102c1e6-04ba-4905-8672-8edcf606e250" href="e102c1e6-04ba-4905-8672-8edcf606e250.htm">text<wbr />Box<wbr />Login</a></li><li><a id="05736486-3f86-9016-981f-78015fc53c56" href="05736486-3f86-9016-981f-78015fc53c56.htm">text<wbr />Box<wbr />PWD</a></li></tocItems></toc>