﻿<?xml version="1.0" encoding="utf-8"?><toc><breadcrumbs><li><a href="d75eb659-6335-53f6-af7a-81814a21ab7f.htm">Docs</a></li><li><a href="d75eb659-6335-53f6-af7a-81814a21ab7f.htm">Media<wbr />Tek<wbr />86</a></li><li><a href="44211f51-81da-d97a-ff1d-044961f6ceef.htm">mediatek<wbr />86.<wbr />modele</a></li><li><a href="0e926f6c-c098-0e30-364e-7b153ed26ad8.htm">Service</a></li></breadcrumbs><tocItems><li><a id="2ee39f75-a4e1-fadd-ef7c-0558c1967f73" href="2ee39f75-a4e1-fadd-ef7c-0558c1967f73.htm">Constructor</a></li><li><a id="17701bc4-ee8e-3cb6-38f0-1da7d6193188" class="has-submenu" href="17701bc4-ee8e-3cb6-38f0-1da7d6193188.htm"><span data-tocFile="../toc/IDBEEA.xml" class="icon toggle" onclick="ToggleExpandCollapse(this); return false;"><i class="fa fa-angle-right"> </i></span>Properties</a><ul class="toc-menu is-hidden"> </ul></li><li><a id="3e868fcf-f471-c5f4-e2cc-42616ade250d" class="has-submenu" href="3e868fcf-f471-c5f4-e2cc-42616ade250d.htm"><span data-tocFile="../toc/IDCEEA.xml" class="icon toggle" onclick="ToggleExpandCollapse(this); return false;"><i class="fa fa-angle-right"> </i></span>Methods</a><ul class="toc-menu is-hidden"> </ul></li></tocItems></toc>