﻿<?xml version="1.0" encoding="utf-8"?><toc><breadcrumbs><li><a href="d75eb659-6335-53f6-af7a-81814a21ab7f.htm">Docs</a></li><li><a href="d75eb659-6335-53f6-af7a-81814a21ab7f.htm">Media<wbr />Tek<wbr />86</a></li><li><a href="00b62050-2829-3fc3-defd-69417493f299.htm">mediatek<wbr />86.<wbr />view</a></li><li><a href="d044339b-f61e-6f57-e6d4-25bc4a416b89.htm">Frm<wbr />Mediatek</a></li><li><a href="622c5f8a-d2b3-eccf-d1a7-6c33e785e75b.htm">Methods</a></li><li><a href="e3a50752-2e32-6b83-50e3-227dcef73b9d.htm">Dispose</a></li></breadcrumbs><tocItems><li><a id="0f4fc07b-ecaa-0176-2b4c-e7c4ecc73fd0" href="0f4fc07b-ecaa-0176-2b4c-e7c4ecc73fd0.htm">Dispose(<wbr />Boolean)</a></li></tocItems></toc>