﻿<?xml version="1.0" encoding="utf-8"?><toc><breadcrumbs><li><a href="d75eb659-6335-53f6-af7a-81814a21ab7f.htm">Docs</a></li><li><a href="d75eb659-6335-53f6-af7a-81814a21ab7f.htm">Media<wbr />Tek<wbr />86</a></li><li><a href="00b62050-2829-3fc3-defd-69417493f299.htm">mediatek<wbr />86.<wbr />view</a></li><li><a href="ac5b25e4-616d-3132-f459-887308ae91e6.htm">Frm<wbr />Absence</a></li><li><a href="238fdacf-334e-eda4-bed6-1758daa91f1f.htm">Methods</a></li><li><a href="1854ebbe-77d7-8c9b-42d6-931d7abfd0b5.htm">Dispose</a></li></breadcrumbs><tocItems><li><a id="52020d01-60f3-6587-7fd7-1ad606b08ffb" href="52020d01-60f3-6587-7fd7-1ad606b08ffb.htm">Dispose(<wbr />Boolean)</a></li></tocItems></toc>